{
  "langs": {
    "enIBFD": [
      "abbrevs"
    ]
  },
  "courts": {
    "scsprar": {
      "name": "Protection System for Refugees and Asylum Seekers Central Services"
    },
    "csdc": {
      "name": "Corte Suprema di Cassazione",
      "variants": {
        "enIBFD": {
          "abbrev": " Cass. [Supreme Court]"
        }
      }
    },
    "cs": {
      "name": "Consiglio di Stato"
    },
    "cc": {
      "name": "Corte Costituzionale",
      "variants": {
        "enIBFD": {
          "abbrev": "C. Cost. [Constitutional Court]"
        }
      }
    },
    "cdapp": {
      "name": "Corte d’Appello di %s"
    },
    "cdadapp": {
      "name": "Corte d’Assise d’Appello di %s"
    },
    "ct": {
      "name": "Commissione Territoriale di %s"
    },
    "ctc": {
      "name": "Commissione Tributaria Centrale",
      "variants": {
        "enIBFD": {
          "abbrev": "CTC [Central Tax Court]"
        }
      }
    },
    "ctp": {
      "name": "Commissione Tributaria Provinciale di %s",
      "variants": {
        "enIBFD": {
          "abbrev": "CTP %s [First Instance Tax Court]"
        }
      }
    },
    "ctr": {
      "name": "Commissione Tributaria Regionale di %s",
      "variants": {
        "enIBFD": {
          "abbrev": "CTR %s [Tax Court of Appeal]"
        }
      }
    },
    "tar": {
      "name": "Tribunale Administrativo Regionale di %s"
    },
    "to": {
      "name": "Tribunale di %s"
    },
    "tpm": {
      "name": "Tribunale per i minorenni di %s"
    },
    "cdass": {
      "name": "Corte d’Assise di %s"
    },
    "tds": {
      "name": "Tribunale di Sorveglianza di %s"
    },
    "uds": {
      "name": "Ufficio di Sorveglianza di %s"
    }
  },
  "jurisdictions": {
    "it": {
      "name": "Italy",
      "courts": {
        "csdc": {},
        "cs": {},
        "cc": {},
        "ctc": {},
		"scsprar": {}
      }
    },
    "it:abruzzo": {
      "name": "Abruzzo",
      "courts": {
        "tar": {}
      }
    },
    "it:basilicata": {
      "name": "Basilicata",
      "courts": {
        "tar": {}
      }
    },
    "it:calabria": {
      "name": "Calabria",
      "courts": {
        "tar": {}
      }
    },
    "it:campania": {
      "name": "Campania",
      "courts": {
        "tar": {}
      }
    },
    "it:emilia.romagna": {
      "name": "Emilia-Romagna",
      "courts": {
        "tar": {}
      }
    },
    "it:friuli.venezia.giulia": {
      "name": "Friuli-Venezia Giulia",
      "courts": {
        "tar": {}
      }
    },
    "it:lazio": {
      "name": "Lazio",
      "courts": {
        "tar": {}
      }
    },
    "it:liguria": {
      "name": "Liguria",
      "courts": {
        "tar": {}
      }
    },
    "it:lombardia": {
      "name": "Lombardia",
      "courts": {
        "tar": {}
      }
    },
    "it:marche": {
      "name": "Marche",
      "courts": {
        "tar": {}
      }
    },
    "it:molise": {
      "name": "Molise",
      "courts": {
        "tar": {}
      }
    },
    "it:piemonte": {
      "name": "Piemonte",
      "courts": {
        "tar": {}
      }
    },
    "it:puglia": {
      "name": "Puglia",
      "courts": {
        "tar": {}
      }
    },
    "it:sardegna": {
      "name": "Sardegna",
      "courts": {
        "tar": {}
      }
    },
    "it:sicilia": {
      "name": "Sicilia",
      "courts": {
        "tar": {}
      }
    },
    "it:toscana": {
      "name": "Toscana",
      "courts": {
        "tar": {}
      }
    },
    "it:trention.ato.adige": {
      "name": "Trentino-Alto Adige",
      "courts": {
        "tar": {}
      }
    },
    "it:umbria": {
      "name": "Umbria",
      "courts": {
        "tar": {}
      }
    },
    "it:valle.d.aosta": {
      "name": "Valle d'Aosta",
      "courts": {
        "tar": {}
      }
    },
    "it:veneto": {
      "name": "Veneto",
      "courts": {
        "tar": {}
      }
    },
    "it:ancona": {
      "name": "Ancona",
      "courts": {
        "ct": {},
        "cdapp": {},
        "tpm": {},
        "tds": {},
        "cdass": {},
        "cdadapp": {}
      }
    },
    "it:ancona:ancona": {
      "name": "Ancona",
      "courts": {
        "to": {}
      }
    },
    "it:ancona:ascoli.piceno": {
      "name": "Ascoli Piceno",
      "courts": {
        "to": {}
      }
    },
    "it:ancona:fermo": {
      "name": "Fermo",
      "courts": {
        "to": {}
      }
    },
    "it:ancona:macerata": {
      "name": "Macerata",
      "courts": {
        "to": {}
      }
    },
    "it:ancona:pesaro": {
      "name": "Pesaro",
      "courts": {
        "to": {}
      }
    },
    "it:ancona:urbino": {
      "name": "Urbino",
      "courts": {
        "to": {}
      }
    },
    "it:bari": {
      "name": "Bari",
      "courts": {
        "ct": {},
        "cdapp": {},
        "tpm": {},
        "tds": {},
        "cdass": {},
        "cdadapp": {}
      }
    },
    "it:bari:bari": {
      "name": "Bari",
      "courts": {
        "to": {}
      }
    },
    "it:bari:foggia": {
      "name": "Foggia",
      "courts": {
        "to": {}
      }
    },
    "it:bari:trani": {
      "name": "Trani",
      "courts": {
        "to": {}
      }
    },
    "it:bologna": {
      "name": "Bologna",
      "courts": {
        "ct": {},
        "cdapp": {},
        "tpm": {},
        "tds": {},
        "cdass": {},
        "cdadapp": {}
      }
    },
    "it:bologna:bologna": {
      "name": "Bologna",
      "courts": {
        "to": {}
      }
    },
    "it:bologna:ferrara": {
      "name": "Ferrara",
      "courts": {
        "to": {}
      }
    },
    "it:bologna:forlì": {
      "name": "Forlì",
      "courts": {
        "to": {}
      }
    },
    "it:bologna:modena": {
      "name": "Modena",
      "courts": {
        "to": {}
      }
    },
    "it:bologna:parma": {
      "name": "Parma",
      "courts": {
        "to": {}
      }
    },
    "it:bologna:piacenza": {
      "name": "Piacenza",
      "courts": {
        "to": {}
      }
    },
    "it:bologna:ravenna": {
      "name": "Ravenna",
      "courts": {
        "to": {}
      }
    },
    "it:bologna:reggio.nell.emilia": {
      "name": "Reggio nell'Emilia",
      "courts": {
        "to": {}
      }
    },
    "it:bologna:rimini": {
      "name": "Rimini",
      "courts": {
        "to": {}
      }
    },
    "it:brescia": {
      "name": "Brescia",
      "courts": {
        "ct": {},
        "cdapp": {},
        "tpm": {},
        "tds": {},
        "cdass": {},
        "cdadapp": {}
      }
    },
    "it:brescia:bergamo": {
      "name": "Bergamo",
      "courts": {
        "to": {}
      }
    },
    "it:brescia:brescia": {
      "name": "Brescia",
      "courts": {
        "to": {}
      }
    },
    "it:brescia:cremona": {
      "name": "Cremona",
      "courts": {
        "to": {}
      }
    },
    "it:brescia:mantova": {
      "name": "Mantova",
      "courts": {
        "to": {}
      }
    },
    "it:cagliari": {
      "name": "Cagliari",
      "courts": {
        "ct": {},
        "cdapp": {},
        "tpm": {},
        "tds": {},
        "cdass": {},
        "cdadapp": {}
      }
    },
    "it:cagliari:cagliari": {
      "name": "Cagliari",
      "courts": {
        "to": {}
      }
    },
    "it:cagliari:lanusei": {
      "name": "Lanusei",
      "courts": {
        "to": {}
      }
    },
    "it:cagliari:nuoro": {
      "name": "Nuoro",
      "courts": {
        "to": {}
      }
    },
    "it:cagliari:oristano": {
      "name": "Oristano",
      "courts": {
        "to": {}
      }
    },
    "it:cagliari:sassari": {
      "name": "Sassari",
      "courts": {
        "cdass": {},
        "to": {}
      }
    },
    "it:cagliari:tempio.pausania": {
      "name": "Tempio Pausania",
      "courts": {
        "to": {}
      }
    },
    "it:caserta": {
      "name": "Caserta",
      "courts": {
        "ct": {}
      }
    },
    "it:caltanissetta": {
      "name": "Caltanissetta",
      "courts": {
        "cdapp": {},
        "tpm": {},
        "tds": {},
        "cdass": {},
        "cdadapp": {}
      }
    },
    "it:caltanissetta:caltanissetta": {
      "name": "Caltanissetta",
      "courts": {
        "to": {}
      }
    },
    "it:caltanissetta:enna": {
      "name": "Enna",
      "courts": {
        "to": {}
      }
    },
    "it:caltanissetta:gela": {
      "name": "Gela",
      "courts": {
        "to": {}
      }
    },
    "it:campobasso": {
      "name": "Campobasso",
      "courts": {
        "cdapp": {},
        "tpm": {},
        "tds": {},
        "cdass": {},
        "cdadapp": {}
      }
    },
    "it:campobasso:campobasso": {
      "name": "Campobasso",
      "courts": {
        "to": {}
      }
    },
    "it:campobasso:isernia": {
      "name": "Isernia",
      "courts": {
        "to": {}
      }
    },
    "it:campobasso:larino": {
      "name": "Larino",
      "courts": {
        "to": {}
      }
    },
    "it:catania": {
      "name": "Catania",
      "courts": {
        "ct": {},
        "cdapp": {},
        "tpm": {},
        "tds": {},
        "cdass": {},
        "cdadapp": {}
      }
    },
    "it:catania:caltagirone": {
      "name": "Caltagirone",
      "courts": {
        "to": {}
      }
    },
    "it:catania:catania": {
      "name": "Catania",
      "courts": {
        "to": {}
      }
    },
    "it:catania:ragusa": {
      "name": "Ragusa",
      "courts": {
        "to": {}
      }
    },
    "it:catania:siracusa": {
      "name": "Siracusa",
      "courts": {
        "to": {}
      }
    },
    "it:catanzaro": {
      "name": "Catanzaro",
      "courts": {
        "cdapp": {},
        "tpm": {},
        "tds": {},
        "cdass": {},
        "cdadapp": {}
      }
    },
    "it:catanzaro:castrovillari": {
      "name": "Castrovillari",
      "courts": {
        "to": {}
      }
    },
    "it:catanzaro:catanzaro": {
      "name": "Catanzaro",
      "courts": {
        "to": {}
      }
    },
    "it:catanzaro:cosenza": {
      "name": "Cosenza",
      "courts": {
        "to": {}
      }
    },
    "it:catanzaro:crotone": {
      "name": "Crotone",
      "courts": {
        "to": {}
      }
    },
    "it:catanzaro:lamezia.terme": {
      "name": "Lamezia Terme",
      "courts": {
        "to": {}
      }
    },
    "it:catanzaro:paola": {
      "name": "Paola",
      "courts": {
        "to": {}
      }
    },
    "it:catanzaro:vibo.valentia": {
      "name": "Vibo Valentia",
      "courts": {
        "to": {}
      }
    },
    "it:crotone": {
      "name": "Crotone",
      "courts": {
        "ct": {}
      }
    },
    "it:firenze": {
      "name": "Firenze",
      "courts": {
        "ct": {},
        "cdapp": {},
        "tpm": {},
        "tds": {},
        "cdass": {},
        "cdadapp": {}
      }
    },
    "it:firenze:arezzo": {
      "name": "Arezzo",
      "courts": {
        "to": {}
      }
    },
    "it:firenze:firenze": {
      "name": "Firenze",
      "courts": {
        "to": {}
      }
    },
    "it:firenze:grosseto": {
      "name": "Grosseto",
      "courts": {
        "to": {}
      }
    },
    "it:firenze:livorno": {
      "name": "Livorno",
      "courts": {
        "to": {}
      }
    },
    "it:firenze:lucca": {
      "name": "Lucca",
      "courts": {
        "to": {}
      }
    },
    "it:firenze:pisa": {
      "name": "Pisa",
      "courts": {
        "to": {}
      }
    },
    "it:firenze:pistoia": {
      "name": "Pistoia",
      "courts": {
        "to": {}
      }
    },
    "it:firenze:prato": {
      "name": "Prato",
      "courts": {
        "to": {}
      }
    },
    "it:firenze:siena": {
      "name": "Siena",
      "courts": {
        "to": {}
      }
    },
    "it:foggia": {
      "name": "Foggia",
      "courts": {
        "ct": {}
      }
    },
    "it:genova": {
      "name": "Genova",
      "courts": {
        "cdapp": {},
        "tpm": {},
        "tds": {},
        "cdass": {},
        "cdadapp": {}
      }
    },
    "it:genova:genova": {
      "name": "Genova",
      "courts": {
        "to": {}
      }
    },
    "it:genova:imperia": {
      "name": "Imperia",
      "courts": {
        "to": {}
      }
    },
    "it:genova:la.spezia": {
      "name": "La Spezia",
      "courts": {
        "to": {}
      }
    },
    "it:genova:massa": {
      "name": "Massa",
      "courts": {
        "to": {}
      }
    },
    "it:genova:savona": {
      "name": "Savona",
      "courts": {
        "to": {}
      }
    },
    "it:l.aquila": {
      "name": "L'aquila",
      "courts": {
        "cdapp": {},
        "tpm": {},
        "tds": {},
        "cdass": {},
        "cdadapp": {}
      }
    },
    "it:l.aquila:chieti": {
      "name": "Chieti",
      "courts": {
        "to": {}
      }
    },
    "it:l.aquila:l.aquila": {
      "name": "L'Aquila",
      "courts": {
        "to": {}
      }
    },
    "it:l.aquila:pescara": {
      "name": "Pescara",
      "courts": {
        "to": {}
      }
    },
    "it:l.aquila:teramo": {
      "name": "Teramo",
      "courts": {
        "to": {}
      }
    },
    "it:lecce": {
      "name": "Lecce",
      "courts": {
        "ct": {},
        "cdapp": {},
        "tpm": {},
        "tds": {},
        "cdass": {},
        "cdadapp": {}
      }
    },
    "it:lecce:brindisi": {
      "name": "Brindisi",
      "courts": {
        "to": {}
      }
    },
    "it:lecce:lecce": {
      "name": "Lecce",
      "courts": {
        "to": {}
      }
    },
    "it:lecce:taranto": {
      "name": "Taranto",
      "courts": {
        "cdass": {},
        "to": {}
      }
    },
    "it:messina": {
      "name": "Messina",
      "courts": {
        "cdapp": {},
        "tpm": {},
        "tds": {},
        "cdass": {},
        "cdadapp": {}
      }
    },
    "it:messina:barcellona.pozzo.di.gotto": {
      "name": "Barcellona Pozzo di Gotto",
      "courts": {
        "to": {}
      }
    },
    "it:messina:messina": {
      "name": "Messina",
      "courts": {
        "to": {}
      }
    },
    "it:messina:patti": {
      "name": "Patti",
      "courts": {
        "to": {}
      }
    },
    "it:milano": {
      "name": "Milano",
      "courts": {
        "ct": {},
        "cdapp": {},
        "tpm": {},
        "tds": {},
        "cdass": {},
        "cdadapp": {}
      }
    },
    "it:milano:busto.arsizio": {
      "name": "Busto Arsizio",
      "courts": {
        "to": {}
      }
    },
    "it:milano:como": {
      "name": "Como",
      "courts": {
        "to": {}
      }
    },
    "it:milano:lecco": {
      "name": "Lecco",
      "courts": {
        "to": {}
      }
    },
    "it:milano:lodi": {
      "name": "Lodi",
      "courts": {
        "to": {}
      }
    },
    "it:milano:milano": {
      "name": "Milano",
      "courts": {
        "to": {}
      }
    },
    "it:milano:monza": {
      "name": "Monza",
      "courts": {
        "to": {}
      }
    },
    "it:milano:pavia": {
      "name": "Pavia",
      "courts": {
        "to": {}
      }
    },
    "it:padova": {
      "name": "Padova",
      "courts": {
        "ct": {}
      }
    },
    "it:milano:sondrio": {
      "name": "Sondrio",
      "courts": {
        "to": {}
      }
    },
    "it:milano:varese": {
      "name": "Varese",
      "courts": {
        "to": {}
      }
    },
    "it:napoli": {
      "name": "Napoli",
      "courts": {
        "cdapp": {},
        "tpm": {},
        "tds": {},
        "cdass": {},
        "cdadapp": {}
      }
    },
    "it:napoli:avellino": {
      "name": "Avellino",
      "courts": {
        "to": {}
      }
    },
    "it:napoli:benevento": {
      "name": "Benevento",
      "courts": {
        "to": {}
      }
    },
    "it:napoli:napoli": {
      "name": "Napoli",
      "courts": {
        "to": {}
      }
    },
    "it:napoli:napoli.nord": {
      "name": "Napoli Nord",
      "courts": {
        "to": {}
      }
    },
    "it:napoli:nola": {
      "name": "Nola",
      "courts": {
        "to": {}
      }
    },
    "it:napoli:santa.maria.capua.vetere": {
      "name": "Santa Maria Capua Vetere",
      "courts": {
        "to": {}
      }
    },
    "it:napoli:torre.annunziata": {
      "name": "Torre Annunziata",
      "courts": {
        "to": {}
      }
    },
    "it:palermo": {
      "name": "Palermo",
      "courts": {
        "ct": {},
        "cdapp": {},
        "tpm": {},
        "tds": {},
        "cdass": {},
        "cdadapp": {}
      }
    },
    "it:palermo:agrigento": {
      "name": "Agrigento",
      "courts": {
        "to": {}
      }
    },
    "it:palermo:marsala": {
      "name": "Marsala",
      "courts": {
        "to": {}
      }
    },
    "it:palermo:palermo": {
      "name": "Palermo",
      "courts": {
        "to": {}
      }
    },
    "it:palermo:sciacca": {
      "name": "Sciacca",
      "courts": {
        "to": {}
      }
    },
    "it:palermo:termini.imerese": {
      "name": "Termini Imerese",
      "courts": {
        "to": {}
      }
    },
    "it:palermo:trapani": {
      "name": "Trapani",
      "courts": {
        "to": {}
      }
    },
    "it:perugia": {
      "name": "Perugia",
      "courts": {
        "cdapp": {},
        "tpm": {},
        "tds": {},
        "cdass": {},
        "cdadapp": {},
        "ct": {}
      }
    },
    "it:perugia:perugia": {
      "name": "Perugia",
      "courts": {
        "to": {}
      }
    },
    "it:perugia:spoleto": {
      "name": "Spoleto",
      "courts": {
        "to": {}
      }
    },
    "it:perugia:terni": {
      "name": "Terni",
      "courts": {
        "to": {}
      }
    },
    "it:potenza": {
      "name": "Potenza",
      "courts": {
        "cdapp": {},
        "tpm": {},
        "tds": {},
        "cdass": {},
        "cdadapp": {}
      }
    },
    "it:potenza:lagonegro": {
      "name": "Lagonegro",
      "courts": {
        "to": {}
      }
    },
    "it:potenza:matera": {
      "name": "Matera",
      "courts": {
        "to": {}
      }
    },
    "it:potenza:potenza": {
      "name": "Potenza",
      "courts": {
        "to": {}
      }
    },
    "it:reggio.calabria": {
      "name": "Reggio calabria",
      "courts": {
        "cdapp": {},
        "tpm": {},
        "tds": {},
        "cdass": {},
        "cdadapp": {}
      }
    },
    "it:reggio.calabria:locri": {
      "name": "Locri",
      "courts": {
        "to": {}
      }
    },
    "it:reggio.calabria:palmi": {
      "name": "Palmi",
      "courts": {
        "to": {}
      }
    },
    "it:reggio.calabria:reggio.calabria": {
      "name": "Reggio Calabria",
      "courts": {
        "to": {}
      }
    },
    "it:roma": {
      "name": "Roma",
      "courts": {
        "ct": {},
        "cdapp": {},
        "tpm": {},
        "tds": {},
        "cdass": {},
        "cdadapp": {}
      }
    },
    "it:roma:cassino": {
      "name": "Cassino",
      "courts": {
        "to": {}
      }
    },
    "it:roma:civitavecchia": {
      "name": "Civitavecchia",
      "courts": {
        "to": {}
      }
    },
    "it:roma:frosinone": {
      "name": "Frosinone",
      "courts": {
        "to": {}
      }
    },
    "it:roma:latina": {
      "name": "Latina",
      "courts": {
        "to": {}
      }
    },
    "it:roma:rieti": {
      "name": "Rieti",
      "courts": {
        "to": {}
      }
    },
    "it:roma:roma": {
      "name": "Roma",
      "courts": {
        "to": {}
      }
    },
    "it:roma:tivoli": {
      "name": "Tivoli",
      "courts": {
        "to": {}
      }
    },
    "it:roma:velletri": {
      "name": "Velletri",
      "courts": {
        "to": {}
      }
    },
    "it:roma:viterbo": {
      "name": "Viterbo",
      "courts": {
        "to": {}
      }
    },
    "it:salerno": {
      "name": "Salerno",
      "courts": {
        "ct": {},
        "cdapp": {},
        "tpm": {},
        "tds": {},
        "cdass": {},
        "cdadapp": {}
      }
    },
    "it:salerno:nocera.inferiore": {
      "name": "Nocera Inferiore",
      "courts": {
        "to": {}
      }
    },
    "it:salerno:salerno": {
      "name": "Salerno",
      "courts": {
        "to": {}
      }
    },
    "it:salerno:vallo.della.lucania": {
      "name": "Vallo della Lucania",
      "courts": {
        "to": {}
      }
    },
    "it:siracusa": {
      "name": "Siracusa",
      "courts": {
        "ct": {}
      }
    },
    "it:sassari": {
      "name": "Sassari",
      "courts": {
        "cdass": {},
        "to": {}
      }
    },
    "it:torino": {
      "name": "Torino",
      "courts": {
        "ct": {},
        "cdapp": {},
        "tpm": {},
        "tds": {},
        "cdass": {},
        "cdadapp": {}
      }
    },
    "it:torino:alessandria": {
      "name": "Alessandria",
      "courts": {
        "to": {}
      }
    },
    "it:torino:aosta": {
      "name": "Aosta",
      "courts": {
        "to": {}
      }
    },
    "it:torino:asti": {
      "name": "Asti",
      "courts": {
        "to": {}
      }
    },
    "it:torino:biella": {
      "name": "Biella",
      "courts": {
        "to": {}
      }
    },
    "it:torino:cuneo": {
      "name": "Cuneo",
      "courts": {
        "to": {}
      }
    },
    "it:torino:ivrea": {
      "name": "Ivrea",
      "courts": {
        "to": {}
      }
    },
    "it:torino:novara": {
      "name": "Novara",
      "courts": {
        "to": {}
      }
    },
    "it:torino:torino": {
      "name": "Torino",
      "courts": {
        "to": {}
      }
    },
    "it:torino:verbania": {
      "name": "Verbania",
      "courts": {
        "to": {}
      }
    },
    "it:torino:vercelli": {
      "name": "Vercelli",
      "courts": {
        "to": {}
      }
    },
    "it:trento": {
      "name": "Trento",
      "courts": {
        "cdapp": {},
        "tpm": {},
        "tds": {},
        "cdass": {},
        "cdadapp": {}
      }
    },
    "it:trento:bolzano": {
      "name": "Bolzano",
      "courts": {
        "cdass": {},
        "to": {}
      }
    },
    "it:trento:rovereto": {
      "name": "Rovereto",
      "courts": {
        "to": {}
      }
    },
    "it:trento:trento": {
      "name": "Trento",
      "courts": {
        "to": {}
      }
    },
    "it:trieste": {
      "name": "Trieste",
      "courts": {
        "ct": {},
        "cdapp": {},
        "tpm": {},
        "tds": {},
        "cdass": {},
        "cdadapp": {}
      }
    },
    "it:trieste:gorizia": {
      "name": "Gorizia",
      "courts": {
        "to": {}
      }
    },
    "it:trieste:pordenone": {
      "name": "Pordenone",
      "courts": {
        "to": {}
      }
    },
    "it:trieste:trieste": {
      "name": "Trieste",
      "courts": {
        "to": {}
      }
    },
    "it:trieste:udine": {
      "name": "Udine",
      "courts": {
        "to": {}
      }
    },
    "it:verona": {
      "name": "Verona",
      "courts": {
        "ct": {}
      }
    },
    "it:venezia": {
      "name": "Venezia",
      "courts": {
        "cdapp": {},
        "tpm": {},
        "tds": {},
        "cdass": {},
        "cdadapp": {}
      }
    },
    "it:venezia:belluno": {
      "name": "Belluno",
      "courts": {
        "to": {}
      }
    },
    "it:venezia:padova": {
      "name": "Padova",
      "courts": {
        "to": {}
      }
    },
    "it:venezia:rovigo": {
      "name": "Rovigo",
      "courts": {
        "to": {}
      }
    },
    "it:venezia:treviso": {
      "name": "Treviso",
      "courts": {
        "to": {}
      }
    },
    "it:venezia:venezia": {
      "name": "Venezia",
      "courts": {
        "to": {}
      }
    },
    "it:venezia:verona": {
      "name": "Verona",
      "courts": {
        "to": {}
      }
    },
    "it:venezia:vicenza": {
      "name": "Vicenza",
      "courts": {
        "to": {}
      }
    }
  }
}
