{
  "langs": {
    "enIBFD": [
      "abbrevs"
    ]
  },
  "courts": {
    "lvwg": {
      "name": "Landesverwaltungsgericht",
      "ABBREV": "LVwG %s",
      "variants": {
        "enIBFD": {
          "abbrev": "LVwG %s [Regional Administrative Court]"
        }
      }
    },
    "bg": {
      "name": "Bezirksgericht",
      "ABBREV": "BG %s",
      "variants": {
        "enIBFD": {
          "abbrev": "BG %s [District Court]"
        }
      }
    },
    "lgs": {
      "name": "Landesgericht für Strafsachen",
      "ABBREV": "LGS %s",
      "variants": {
        "enIBFD": {
          "abbrev": "LGS %s [Regional Criminal Court]"
        }
      }
    },
    "lgzrs": {
      "name": "Landesgericht für Zivilrechtssachen",
      "ABBREV": "LGZ %s",
      "variants": {
        "enIBFD": {
          "abbrev": "LGZ %s [Regional Civil Court]"
        }
      }
    },
    "lg": {
      "name": "Landesgericht",
      "ABBREV": "LG %s",
      "variants": {
        "enIBFD": {
          "abbrev": "LG %s [Regional Court]"
        }
      }
    },
    "olg": {
      "name": "Oberlandesgericht",
      "ABBREV": "OLG %s",
      "variants": {
        "enIBFD": {
          "abbrev": "OLG %s [Higher Regional Court]"
        }
      }
    },
    "asg": {
      "name": "Arbeits und Sozialgericht",
      "ABBREV": "ASG %s",
      "variants": {
        "enIBFD": {
          "abbrev": "ASG %s [Labour and Social Court]"
        }
      }
    },
    "hg": {
      "name": "Handelsgericht",
      "ABBREV": "HG %s",
      "variants": {
        "enIBFD": {
          "abbrev": "HG %s [Commercial Court]"
        }
      }
    },
    "vgw": {
      "name": "Verwaltungsgericht",
      "ABBREV": "LVwG %s",
      "variants": {
        "enIBFD": {
          "abbrev": "LVwG %s [Regional Administrative Court]"
        }
      }
    },
    "bfg": {
      "name": "Bundesfinanzgericht",
      "ABBREV": "BFG",
      "variants": {
        "enIBFD": {
          "abbrev": "BFG [Federal Tax Court]"
        }
      }
    },
    "bvwg": {
      "name": "Bundesverwaltungsgericht",
      "ABBREV": "BVwG",
      "variants": {
        "enIBFD": {
          "abbrev": "BVwG [Federal Administrative Court]"
        }
      }
    },
    "ogh": {
      "name": "Oberster Gerichtshof",
      "ABBREV": "OGH",
      "variants": {
        "enIBFD": {
          "abbrev": "OGH [Supreme Court]"
        }
      }
    },
    "vfgh": {
      "name": "Verfassungsgerichtshof",
      "ABBREV": "VfGH",
      "abbrev": "VfSlg",
      "variants": {
        "enIBFD": {
          "abbrev": "VfGH [Constitutional Court]"
        }
      }
    },
    "vwgh": {
      "name": "Verwaltungsgerichtshof",
      "ABBREV": "VwGH",
      "abbrev": "VwSlg",
      "variants": {
        "enIBFD": {
          "abbrev": "VwGH [Supreme Administrative Court]"
        }
      }
    },
    "asylgh": {
      "name": "Asylgerichtshof",
      "ABBREV": "AsylGH"
    },
    "uvs": {
      "name": "Unabhängiger Verwaltungssenat",
      "ABBREV": "UVS %s",
      "variants": {
        "enIBFD": {
          "abbrev": "UVS %s [Independent Administrative Senate]"
        }
      }
    },
    "ubas": {
      "name": "Unabhängiger Bundesasylsenat",
      "ABBREV": "UBAS"
    },
    "ufs": {
      "name": "Unabhängiger Finanzsenat",
      "ABBREV": "UFS",
      "variants": {
        "enIBFD": {
          "abbrev": "UFS [Independent Finance Senate]"
        }
      }
    },
    "dsk": {
      "name": "Datenschutzkommission",
      "ABBREV": "DSK"
    },
    "dsb": {
      "name": "Datenschutzbehörde",
      "ABBREV": "DSB"
    },
    "bvga": {
      "name": "Bundesvergabeamt",
      "ABBREV": "BVA"
    },
    "opms": {
      "name": "Oberster Patent- und Markensenat",
      "ABBREV": "OPMS"
    },
    "bwb": {
      "name": "Bundeswettbewerbsbehörde",
      "ABBREV": "BWB"
    }
  },
  "jurisdictions": {
    "at": {
      "name": "Austria",
      "courts": {
        "bfg": {},
        "bvwg": {},
        "ogh": {},
        "vfgh": {},
        "vwgh": {},
        "asylgh": {},
        "ubas": {},
        "ufs": {},
        "dsk": {},
        "dsb": {},
        "bvga": {},
        "opms": {},
        "bwb": {}
      }
    },
    "at:burgenland": {
      "name": "Burgenland",
      "abbrev": "Burgenland",
      "courts": {
        "lvwg": {},
        "uvs": {}
      }
    },
    "at:graz": {
      "name": "Graz",
      "abbrev": "Graz",
      "courts": {
        "olg": {}
      }
    },
    "at:graz:graz": {
      "name": "Graz",
      "abbrev": "Graz",
      "courts": {
        "lgs": {},
        "lgzrs": {}
      }
    },
    "at:graz:graz:deutschlandsberg": {
      "name": "Deutschlandsberg",
      "abbrev": "Deutschlandsberg",
      "courts": {
        "bg": {}
      }
    },
    "at:graz:graz:feldbach": {
      "name": "Feldbach",
      "abbrev": "Feldbach",
      "courts": {
        "bg": {}
      }
    },
    "at:graz:graz:furstenfeld": {
      "name": "Fürstenfeld",
      "abbrev": "Fürstenfeld",
      "courts": {
        "bg": {}
      }
    },
    "at:graz:graz:graz-ost": {
      "name": "Graz-Ost",
      "abbrev": "Graz-Ost",
      "courts": {
        "bg": {}
      }
    },
    "at:graz:graz:graz-west": {
      "name": "Graz-West",
      "abbrev": "Graz-West",
      "courts": {
        "bg": {}
      }
    },
    "at:graz:graz:leibnitz": {
      "name": "Leibnitz",
      "abbrev": "Leibnitz",
      "courts": {
        "bg": {}
      }
    },
    "at:graz:graz:voitsberg": {
      "name": "Voitsberg",
      "abbrev": "Voitsberg",
      "courts": {
        "bg": {}
      }
    },
    "at:graz:graz:weiz": {
      "name": "Weiz",
      "abbrev": "Weiz",
      "courts": {
        "bg": {}
      }
    },
    "at:graz:klagenfurt": {
      "name": "Klagenfurt",
      "abbrev": "Klagenfurt",
      "courts": {
        "lg": {}
      }
    },
    "at:graz:klagenfurt:bleiburg": {
      "name": "Bleiburg",
      "abbrev": "Bleiburg",
      "courts": {
        "bg": {}
      }
    },
    "at:graz:klagenfurt:eisenkappel": {
      "name": "Eisenkappel",
      "abbrev": "Eisenkappel",
      "courts": {
        "bg": {}
      }
    },
    "at:graz:klagenfurt:feldkirchen": {
      "name": "Feldkirchen",
      "abbrev": "Feldkirchen",
      "courts": {
        "bg": {}
      }
    },
    "at:graz:klagenfurt:ferlach": {
      "name": "Ferlach",
      "abbrev": "Ferlach",
      "courts": {
        "bg": {}
      }
    },
    "at:graz:klagenfurt:hermagor": {
      "name": "Hermagor",
      "abbrev": "Hermagor",
      "courts": {
        "bg": {}
      }
    },
    "at:graz:klagenfurt:klagenfurt": {
      "name": "Klagenfurt",
      "abbrev": "Klagenfurt",
      "courts": {
        "bg": {}
      }
    },
    "at:graz:klagenfurt:sankt.veit.an.der.glan": {
      "name": "Sankt Veit an der Glan",
      "abbrev": "Sankt Veit an der Glan",
      "courts": {
        "bg": {}
      }
    },
    "at:graz:klagenfurt:spittal.an.der.drau": {
      "name": "Spittal an der Drau",
      "abbrev": "Spittal an der Drau",
      "courts": {
        "bg": {}
      }
    },
    "at:graz:klagenfurt:villach": {
      "name": "Villach",
      "abbrev": "Villach",
      "courts": {
        "bg": {}
      }
    },
    "at:graz:klagenfurt:volkermarkt": {
      "name": "Völkermarkt",
      "abbrev": "Völkermarkt",
      "courts": {
        "bg": {}
      }
    },
    "at:graz:klagenfurt:wolfsberg": {
      "name": "Wolfsberg",
      "abbrev": "Wolfsberg",
      "courts": {
        "bg": {}
      }
    },
    "at:graz:leoben": {
      "name": "Leoben",
      "abbrev": "Leoben",
      "courts": {
        "lg": {}
      }
    },
    "at:graz:leoben:bruck.an.der.mur": {
      "name": "Bruck an der Mur",
      "abbrev": "Bruck an der Mur",
      "courts": {
        "bg": {}
      }
    },
    "at:graz:leoben:judenburg": {
      "name": "Judenburg",
      "abbrev": "Judenburg",
      "courts": {
        "bg": {}
      }
    },
    "at:graz:leoben:leoben": {
      "name": "Leoben",
      "abbrev": "Leoben",
      "courts": {
        "bg": {}
      }
    },
    "at:graz:leoben:liezen": {
      "name": "Liezen",
      "abbrev": "Liezen",
      "courts": {
        "bg": {}
      }
    },
    "at:graz:leoben:murau": {
      "name": "Murau",
      "abbrev": "Murau",
      "courts": {
        "bg": {}
      }
    },
    "at:graz:leoben:murzzuschlag": {
      "name": "Mürzzuschlag",
      "abbrev": "Mürzzuschlag",
      "courts": {
        "bg": {}
      }
    },
    "at:graz:leoben:schladming": {
      "name": "Schladming",
      "abbrev": "Schladming",
      "courts": {
        "bg": {}
      }
    },
    "at:innsbruck": {
      "name": "Innsbruck",
      "abbrev": "Innsbruck",
      "courts": {
        "olg": {}
      }
    },
    "at:innsbruck:feldkirch": {
      "name": "Feldkirch",
      "abbrev": "Feldkirch",
      "courts": {
        "lg": {}
      }
    },
    "at:innsbruck:feldkirch:bezau": {
      "name": "Bezau",
      "abbrev": "Bezau",
      "courts": {
        "bg": {}
      }
    },
    "at:innsbruck:feldkirch:bludenz": {
      "name": "Bludenz",
      "abbrev": "Bludenz",
      "courts": {
        "bg": {}
      }
    },
    "at:innsbruck:feldkirch:bregenz": {
      "name": "Bregenz",
      "abbrev": "Bregenz",
      "courts": {
        "bg": {}
      }
    },
    "at:innsbruck:feldkirch:dornbirn": {
      "name": "Dornbirn",
      "abbrev": "Dornbirn",
      "courts": {
        "bg": {}
      }
    },
    "at:innsbruck:feldkirch:feldkirch": {
      "name": "Feldkirch",
      "abbrev": "Feldkirch",
      "courts": {
        "bg": {}
      }
    },
    "at:innsbruck:innsbruck": {
      "name": "Innsbruck",
      "abbrev": "Innsbruck",
      "courts": {
        "lg": {}
      }
    },
    "at:innsbruck:innsbruck:hall.in.tirol": {
      "name": "Hall in Tirol",
      "abbrev": "Hall in Tirol",
      "courts": {
        "bg": {}
      }
    },
    "at:innsbruck:innsbruck:imst": {
      "name": "Imst",
      "abbrev": "Imst",
      "courts": {
        "bg": {}
      }
    },
    "at:innsbruck:innsbruck:innsbruck": {
      "name": "Innsbruck",
      "abbrev": "Innsbruck",
      "courts": {
        "bg": {}
      }
    },
    "at:innsbruck:innsbruck:kitzbuhel": {
      "name": "Kitzbühel",
      "abbrev": "Kitzbühel",
      "courts": {
        "bg": {}
      }
    },
    "at:innsbruck:innsbruck:kufstein": {
      "name": "Kufstein",
      "abbrev": "Kufstein",
      "courts": {
        "bg": {}
      }
    },
    "at:innsbruck:innsbruck:landeck": {
      "name": "Landeck",
      "abbrev": "Landeck",
      "courts": {
        "bg": {}
      }
    },
    "at:innsbruck:innsbruck:lienz": {
      "name": "Lienz",
      "abbrev": "Lienz",
      "courts": {
        "bg": {}
      }
    },
    "at:innsbruck:innsbruck:rattenberg": {
      "name": "Rattenberg",
      "abbrev": "Rattenberg",
      "courts": {
        "bg": {}
      }
    },
    "at:innsbruck:innsbruck:reutte": {
      "name": "Reutte",
      "abbrev": "Reutte",
      "courts": {
        "bg": {}
      }
    },
    "at:innsbruck:innsbruck:schwaz": {
      "name": "Schwaz",
      "abbrev": "Schwaz",
      "courts": {
        "bg": {}
      }
    },
    "at:innsbruck:innsbruck:silz": {
      "name": "Silz",
      "abbrev": "Silz",
      "courts": {
        "bg": {}
      }
    },
    "at:innsbruck:innsbruck:telfs": {
      "name": "Telfs",
      "abbrev": "Telfs",
      "courts": {
        "bg": {}
      }
    },
    "at:innsbruck:innsbruck:zell.am.ziller": {
      "name": "Zell am Ziller",
      "abbrev": "Zell am Ziller",
      "courts": {
        "bg": {}
      }
    },
    "at:karnten": {
      "name": "Kärnten",
      "abbrev": "Kärnten",
      "courts": {
        "lvwg": {},
        "uvs": {}
      }
    },
    "at:linz": {
      "name": "Linz",
      "abbrev": "Linz",
      "courts": {
        "olg": {}
      }
    },
    "at:linz:linz": {
      "name": "Linz",
      "abbrev": "Linz",
      "courts": {
        "lg": {}
      }
    },
    "at:linz:linz:freistadt": {
      "name": "Freistadt",
      "abbrev": "Freistadt",
      "courts": {
        "bg": {}
      }
    },
    "at:linz:linz:linz": {
      "name": "Linz",
      "abbrev": "Linz",
      "courts": {
        "bg": {}
      }
    },
    "at:linz:linz:perg": {
      "name": "Perg",
      "abbrev": "Perg",
      "courts": {
        "bg": {}
      }
    },
    "at:linz:linz:rohrbach": {
      "name": "Rohrbach",
      "abbrev": "Rohrbach",
      "courts": {
        "bg": {}
      }
    },
    "at:linz:linz:traun": {
      "name": "Traun",
      "abbrev": "Traun",
      "courts": {
        "bg": {}
      }
    },
    "at:linz:linz:urfahr": {
      "name": "Urfahr",
      "abbrev": "Urfahr",
      "courts": {
        "bg": {}
      }
    },
    "at:linz:ried.im.innkreis": {
      "name": "Ried im Innkreis",
      "abbrev": "Ried im Innkreis",
      "courts": {
        "lg": {}
      }
    },
    "at:linz:ried.im.innkreis:braunau.am.inn": {
      "name": "Braunau am Inn",
      "abbrev": "Braunau am Inn",
      "courts": {
        "bg": {}
      }
    },
    "at:linz:ried.im.innkreis:mattighofen": {
      "name": "Mattighofen",
      "abbrev": "Mattighofen",
      "courts": {
        "bg": {}
      }
    },
    "at:linz:ried.im.innkreis:ried.im.innkreis": {
      "name": "Ried im Innkreis",
      "abbrev": "Ried im Innkreis",
      "courts": {
        "bg": {}
      }
    },
    "at:linz:ried.im.innkreis:scharding": {
      "name": "Schärding",
      "abbrev": "Schärding",
      "courts": {
        "bg": {}
      }
    },
    "at:linz:salzburg": {
      "name": "Salzburg",
      "abbrev": "Salzburg",
      "courts": {
        "lg": {}
      }
    },
    "at:linz:salzburg:hallein": {
      "name": "Hallein",
      "abbrev": "Hallein",
      "courts": {
        "bg": {}
      }
    },
    "at:linz:salzburg:neumarkt.bei.salzburg": {
      "name": "Neumarkt bei Salzburg",
      "abbrev": "Neumarkt bei Salzburg",
      "courts": {
        "bg": {}
      }
    },
    "at:linz:salzburg:oberndorf": {
      "name": "Oberndorf",
      "abbrev": "Oberndorf",
      "courts": {
        "bg": {}
      }
    },
    "at:linz:salzburg:salzburg": {
      "name": "Salzburg",
      "abbrev": "Salzburg",
      "courts": {
        "bg": {}
      }
    },
    "at:linz:salzburg:sankt.johann.im.pongau": {
      "name": "Sankt Johann im Pongau",
      "abbrev": "Sankt Johann im Pongau",
      "courts": {
        "bg": {}
      }
    },
    "at:linz:salzburg:tamsweg": {
      "name": "Tamsweg",
      "abbrev": "Tamsweg",
      "courts": {
        "bg": {}
      }
    },
    "at:linz:salzburg:thalgau": {
      "name": "Thalgau",
      "abbrev": "Thalgau",
      "courts": {
        "bg": {}
      }
    },
    "at:linz:salzburg:zell.am.see": {
      "name": "Zell am See",
      "abbrev": "Zell am See",
      "courts": {
        "bg": {}
      }
    },
    "at:linz:steyr": {
      "name": "Steyr",
      "abbrev": "Steyr",
      "courts": {
        "lg": {}
      }
    },
    "at:linz:steyr:kirchdorf.an.der.krems": {
      "name": "Kirchdorf an der Krems",
      "abbrev": "Kirchdorf an der Krems",
      "courts": {
        "bg": {}
      }
    },
    "at:linz:steyr:steyr": {
      "name": "Steyr",
      "abbrev": "Steyr",
      "courts": {
        "bg": {}
      }
    },
    "at:linz:wels": {
      "name": "Wels",
      "abbrev": "Wels",
      "courts": {
        "lg": {}
      }
    },
    "at:linz:wels:bad.ischl": {
      "name": "Bad Ischl",
      "abbrev": "Bad Ischl",
      "courts": {
        "bg": {}
      }
    },
    "at:linz:wels:eferding": {
      "name": "Eferding",
      "abbrev": "Eferding",
      "courts": {
        "bg": {}
      }
    },
    "at:linz:wels:gmunden": {
      "name": "Gmunden",
      "abbrev": "Gmunden",
      "courts": {
        "bg": {}
      }
    },
    "at:linz:wels:grieskirchen": {
      "name": "Grieskirchen",
      "abbrev": "Grieskirchen",
      "courts": {
        "bg": {}
      }
    },
    "at:linz:wels:vocklabruck": {
      "name": "Vöcklabruck",
      "abbrev": "Vöcklabruck",
      "courts": {
        "bg": {}
      }
    },
    "at:linz:wels:wels": {
      "name": "Wels",
      "abbrev": "Wels",
      "courts": {
        "bg": {}
      }
    },
    "at:niederosterreich": {
      "name": "Niederösterreich",
      "abbrev": "Niederösterreich",
      "courts": {
        "lvwg": {},
        "uvs": {}
      }
    },
    "at:oberosterreich": {
      "name": "Oberösterreich",
      "abbrev": "Oberösterreich",
      "courts": {
        "lvwg": {},
        "uvs": {}
      }
    },
    "at:salzburg": {
      "name": "Salzburg",
      "abbrev": "Salzburg",
      "courts": {
        "lvwg": {},
        "uvs": {}
      }
    },
    "at:steiermark": {
      "name": "Steiermark",
      "abbrev": "Steiermark",
      "courts": {
        "lvwg": {},
        "uvs": {}
      }
    },
    "at:tirol": {
      "name": "Tirol",
      "abbrev": "Tirol",
      "courts": {
        "lvwg": {},
        "uvs": {}
      }
    },
    "at:vorarlberg": {
      "name": "Vorarlberg",
      "abbrev": "Vorarlberg",
      "courts": {
        "lvwg": {},
        "uvs": {}
      }
    },
    "at:wien": {
      "name": "Wien",
      "abbrev": "Wien",
      "courts": {
        "olg": {},
        "vgw": {},
        "uvs": {}
      }
    },
    "at:wien:eisenstadt": {
      "name": "Eisenstadt",
      "abbrev": "Eisenstadt",
      "courts": {
        "lg": {}
      }
    },
    "at:wien:eisenstadt:eisenstadt": {
      "name": "Eisenstadt",
      "abbrev": "Eisenstadt",
      "courts": {
        "bg": {}
      }
    },
    "at:wien:eisenstadt:gussing": {
      "name": "Güssing",
      "abbrev": "Güssing",
      "courts": {
        "bg": {}
      }
    },
    "at:wien:eisenstadt:mattersburg": {
      "name": "Mattersburg",
      "abbrev": "Mattersburg",
      "courts": {
        "bg": {}
      }
    },
    "at:wien:eisenstadt:neusiedl.am.see": {
      "name": "Neusiedl am See",
      "abbrev": "Neusiedl am See",
      "courts": {
        "bg": {}
      }
    },
    "at:wien:eisenstadt:oberpullendorf": {
      "name": "Oberpullendorf",
      "abbrev": "Oberpullendorf",
      "courts": {
        "bg": {}
      }
    },
    "at:wien:eisenstadt:oberwart": {
      "name": "Oberwart",
      "abbrev": "Oberwart",
      "courts": {
        "bg": {}
      }
    },
    "at:wien:korneuburg": {
      "name": "Korneuburg",
      "abbrev": "Korneuburg",
      "courts": {
        "lg": {}
      }
    },
    "at:wien:korneuburg:bruck.an.der.leitha": {
      "name": "Bruck an der Leitha",
      "abbrev": "Bruck an der Leitha",
      "courts": {
        "bg": {}
      }
    },
    "at:wien:korneuburg:ganserndorf": {
      "name": "Gänserndorf",
      "abbrev": "Gänserndorf",
      "courts": {
        "bg": {}
      }
    },
    "at:wien:korneuburg:hollabrunn": {
      "name": "Hollabrunn",
      "abbrev": "Hollabrunn",
      "courts": {
        "bg": {}
      }
    },
    "at:wien:korneuburg:klosterneuburg": {
      "name": "Klosterneuburg",
      "abbrev": "Klosterneuburg",
      "courts": {
        "bg": {}
      }
    },
    "at:wien:korneuburg:korneuburg": {
      "name": "Korneuburg",
      "abbrev": "Korneuburg",
      "courts": {
        "bg": {}
      }
    },
    "at:wien:korneuburg:mistelbach": {
      "name": "Mistelbach",
      "abbrev": "Mistelbach",
      "courts": {
        "bg": {}
      }
    },
    "at:wien:korneuburg:schwechat": {
      "name": "Schwechat",
      "abbrev": "Schwechat",
      "courts": {
        "bg": {}
      }
    },
    "at:wien:krems.an.der.donau": {
      "name": "Krems an der Donau",
      "abbrev": "Krems an der Donau",
      "courts": {
        "lg": {}
      }
    },
    "at:wien:krems.an.der.donau:gmund.in.niederosterreich": {
      "name": "Gmünd in Niederösterreich",
      "abbrev": "Gmünd in Niederösterreich",
      "courts": {
        "bg": {}
      }
    },
    "at:wien:krems.an.der.donau:horn": {
      "name": "Horn",
      "abbrev": "Horn",
      "courts": {
        "bg": {}
      }
    },
    "at:wien:krems.an.der.donau:krems.an.der.donau": {
      "name": "Krems an der Donau",
      "abbrev": "Krems an der Donau",
      "courts": {
        "bg": {}
      }
    },
    "at:wien:krems.an.der.donau:waidhofen.an.der.thaya": {
      "name": "Waidhofen an der Thaya",
      "abbrev": "Waidhofen an der Thaya",
      "courts": {
        "bg": {}
      }
    },
    "at:wien:krems.an.der.donau:zwettl": {
      "name": "Zwettl",
      "abbrev": "Zwettl",
      "courts": {
        "bg": {}
      }
    },
    "at:wien:st.polten": {
      "name": "St. Pölten",
      "abbrev": "St. Pölten",
      "courts": {
        "lg": {}
      }
    },
    "at:wien:st.polten:amstetten": {
      "name": "Amstetten",
      "abbrev": "Amstetten",
      "courts": {
        "bg": {}
      }
    },
    "at:wien:st.polten:haag": {
      "name": "Haag",
      "abbrev": "Haag",
      "courts": {
        "bg": {}
      }
    },
    "at:wien:st.polten:lilienfeld": {
      "name": "Lilienfeld",
      "abbrev": "Lilienfeld",
      "courts": {
        "bg": {}
      }
    },
    "at:wien:st.polten:melk": {
      "name": "Melk",
      "abbrev": "Melk",
      "courts": {
        "bg": {}
      }
    },
    "at:wien:st.polten:neulengbach": {
      "name": "Neulengbach",
      "abbrev": "Neulengbach",
      "courts": {
        "bg": {}
      }
    },
    "at:wien:st.polten:purkersdorf": {
      "name": "Purkersdorf",
      "abbrev": "Purkersdorf",
      "courts": {
        "bg": {}
      }
    },
    "at:wien:st.polten:scheibbs": {
      "name": "Scheibbs",
      "abbrev": "Scheibbs",
      "courts": {
        "bg": {}
      }
    },
    "at:wien:st.polten:st.polten": {
      "name": "St. Pölten",
      "abbrev": "St. Pölten",
      "courts": {
        "bg": {}
      }
    },
    "at:wien:st.polten:tulln": {
      "name": "Tulln",
      "abbrev": "Tulln",
      "courts": {
        "bg": {}
      }
    },
    "at:wien:st.polten:waidhofen.an.der.ybbs": {
      "name": "Waidhofen an der Ybbs",
      "abbrev": "Waidhofen an der Ybbs",
      "courts": {
        "bg": {}
      }
    },
    "at:wien:wien": {
      "name": "Wien",
      "abbrev": "Wien",
      "courts": {
        "asg": {},
        "hg": {},
        "lgs": {},
        "lgzrs": {}
      }
    },
    "at:wien:wien:dobling": {
      "name": "Döbling",
      "abbrev": "Döbling",
      "courts": {
        "bg": {}
      }
    },
    "at:wien:wien:donaustadt": {
      "name": "Donaustadt",
      "abbrev": "Donaustadt",
      "courts": {
        "bg": {}
      }
    },
    "at:wien:wien:favoriten": {
      "name": "Favoriten",
      "abbrev": "Favoriten",
      "courts": {
        "bg": {}
      }
    },
    "at:wien:wien:floridsdorf": {
      "name": "Floridsdorf",
      "abbrev": "Floridsdorf",
      "courts": {
        "bg": {}
      }
    },
    "at:wien:wien:funfhaus": {
      "name": "Fünfhaus",
      "abbrev": "Fünfhaus",
      "courts": {
        "bg": {}
      }
    },
    "at:wien:wien:hernals": {
      "name": "Hernals",
      "abbrev": "Hernals",
      "courts": {
        "bg": {}
      }
    },
    "at:wien:wien:hietzing": {
      "name": "Hietzing",
      "abbrev": "Hietzing",
      "courts": {
        "bg": {}
      }
    },
    "at:wien:wien:innere.stadt.wien": {
      "name": "Innere Stadt Wien",
      "abbrev": "Innere Stadt Wien",
      "courts": {
        "bg": {}
      }
    },
    "at:wien:wien:josefstadt": {
      "name": "Josefstadt",
      "abbrev": "Josefstadt",
      "courts": {
        "bg": {}
      }
    },
    "at:wien:wien:leopoldstadt": {
      "name": "Leopoldstadt",
      "abbrev": "Leopoldstadt",
      "courts": {
        "bg": {}
      }
    },
    "at:wien:wien:liesing": {
      "name": "Liesing",
      "abbrev": "Liesing",
      "courts": {
        "bg": {}
      }
    },
    "at:wien:wien:meidling": {
      "name": "Meidling",
      "abbrev": "Meidling",
      "courts": {
        "bg": {}
      }
    },
    "at:wien:wiener.neustadt": {
      "name": "Wiener Neustadt",
      "abbrev": "Wiener Neustadt",
      "courts": {
        "lg": {}
      }
    },
    "at:wien:wiener.neustadt:baden": {
      "name": "Baden",
      "abbrev": "Baden",
      "courts": {
        "bg": {}
      }
    },
    "at:wien:wiener.neustadt:modling": {
      "name": "Mödling",
      "abbrev": "Mödling",
      "courts": {
        "bg": {}
      }
    },
    "at:wien:wiener.neustadt:neunkirchen": {
      "name": "Neunkirchen",
      "abbrev": "Neunkirchen",
      "courts": {
        "bg": {}
      }
    },
    "at:wien:wiener.neustadt:wiener.neustadt": {
      "name": "Wiener Neustadt",
      "abbrev": "Wiener Neustadt",
      "courts": {
        "bg": {}
      }
    }
  }
}
